tabla,fila_index,geographykey,columna_diferente,valor_postgres,valor_sqlserver
dim_geography,217,218,city,Suresnes,Sèvres
dim_geography,218,219,city,Sèvres,Suresnes
dim_geography,243,244,city,Liverpool,London
dim_geography,257,258,city,London,Maidenhead
dim_geography,258,259,city,Maidenhead,Milton Keynes
dim_geography,260,261,city,Milton Keynes,Newcastle upon Tyne
dim_geography,261,262,city,Newcastle upon Tyne,Oxford
dim_geography,263,264,city,Oxford,Oxon
dim_geography,264,265,city,Oxon,Peterborough
dim_geography,265,266,city,Peterborough,Reading
dim_geography,266,267,city,Reading,Runcorn
dim_geography,267,268,city,Runcorn,Liverpool
dim_geography,253,254,ipaddresslocator,198.51.100.255,192.0.2.1
dim_geography,254,255,ipaddresslocator,198.51.100.256,192.0.2.2
dim_geography,255,256,ipaddresslocator,198.51.100.257,192.0.2.3
dim_geography,256,257,ipaddresslocator,198.51.100.258,192.0.2.4
dim_geography,257,258,ipaddresslocator,198.51.100.259,192.0.2.5
dim_geography,258,259,ipaddresslocator,198.51.100.260,192.0.2.6
dim_geography,259,260,ipaddresslocator,198.51.100.261,192.0.2.7
dim_geography,260,261,ipaddresslocator,198.51.100.262,192.0.2.8
dim_geography,261,262,ipaddresslocator,198.51.100.263,192.0.2.9
dim_geography,262,263,ipaddresslocator,198.51.100.264,192.0.2.10
dim_geography,263,264,ipaddresslocator,198.51.100.265,192.0.2.11
dim_geography,264,265,ipaddresslocator,198.51.100.266,192.0.2.12
dim_geography,265,266,ipaddresslocator,198.51.100.267,192.0.2.13
dim_geography,266,267,ipaddresslocator,198.51.100.268,192.0.2.14
dim_geography,267,268,ipaddresslocator,198.51.100.269,192.0.2.15
dim_geography,268,269,ipaddresslocator,198.51.100.270,192.0.2.16
dim_geography,269,270,ipaddresslocator,198.51.100.271,192.0.2.17
dim_geography,270,271,ipaddresslocator,198.51.100.272,192.0.2.18
dim_geography,271,272,ipaddresslocator,198.51.100.273,192.0.2.19
dim_geography,272,273,ipaddresslocator,198.51.100.274,192.0.2.20
dim_geography,273,274,ipaddresslocator,198.51.100.275,192.0.2.21
dim_geography,274,275,ipaddresslocator,198.51.100.276,192.0.2.22
dim_geography,275,276,ipaddresslocator,198.51.100.277,192.0.2.23
dim_geography,276,277,ipaddresslocator,198.51.100.278,192.0.2.24
dim_geography,277,278,ipaddresslocator,198.51.100.279,192.0.2.25
dim_geography,278,279,ipaddresslocator,198.51.100.280,192.0.2.26
dim_geography,279,280,ipaddresslocator,198.51.100.281,192.0.2.27
dim_geography,280,281,ipaddresslocator,198.51.100.282,192.0.2.28
dim_geography,281,282,ipaddresslocator,198.51.100.283,192.0.2.29
dim_geography,282,283,ipaddresslocator,198.51.100.284,192.0.2.30
dim_geography,283,284,ipaddresslocator,198.51.100.285,192.0.2.31
dim_geography,284,285,ipaddresslocator,198.51.100.286,192.0.2.32
dim_geography,285,286,ipaddresslocator,198.51.100.287,192.0.2.33
dim_geography,286,287,ipaddresslocator,198.51.100.288,192.0.2.34
dim_geography,287,288,ipaddresslocator,198.51.100.289,192.0.2.35
dim_geography,288,289,ipaddresslocator,198.51.100.290,192.0.2.36
dim_geography,289,290,ipaddresslocator,198.51.100.291,192.0.2.37
dim_geography,290,291,ipaddresslocator,198.51.100.292,192.0.2.38
dim_geography,291,292,ipaddresslocator,198.51.100.293,192.0.2.39
dim_geography,292,293,ipaddresslocator,198.51.100.294,192.0.2.40
dim_geography,293,294,ipaddresslocator,198.51.100.295,192.0.2.41
dim_geography,294,295,ipaddresslocator,198.51.100.296,192.0.2.42
dim_geography,295,296,ipaddresslocator,198.51.100.297,192.0.2.43
dim_geography,296,297,ipaddresslocator,198.51.100.298,192.0.2.44
dim_geography,297,298,ipaddresslocator,198.51.100.299,192.0.2.45
dim_geography,298,299,ipaddresslocator,198.51.100.300,192.0.2.46
dim_geography,299,300,ipaddresslocator,198.51.100.301,192.0.2.47
dim_geography,300,301,ipaddresslocator,198.51.100.302,192.0.2.48
dim_geography,301,302,ipaddresslocator,198.51.100.303,192.0.2.49
dim_geography,302,303,ipaddresslocator,198.51.100.304,192.0.2.50
dim_geography,303,304,ipaddresslocator,198.51.100.305,192.0.2.51
dim_geography,304,305,ipaddresslocator,198.51.100.306,192.0.2.52
dim_geography,305,306,ipaddresslocator,198.51.100.307,192.0.2.53
dim_geography,306,307,ipaddresslocator,198.51.100.308,192.0.2.54
dim_geography,307,308,ipaddresslocator,198.51.100.309,192.0.2.55
dim_geography,308,309,ipaddresslocator,198.51.100.310,192.0.2.56
dim_geography,309,310,ipaddresslocator,198.51.100.311,192.0.2.57
dim_geography,310,311,ipaddresslocator,198.51.100.312,192.0.2.58
dim_geography,311,312,ipaddresslocator,198.51.100.313,192.0.2.59
dim_geography,312,313,ipaddresslocator,198.51.100.314,192.0.2.60
dim_geography,313,314,ipaddresslocator,198.51.100.315,192.0.2.61
dim_geography,314,315,ipaddresslocator,198.51.100.316,192.0.2.62
dim_geography,315,316,ipaddresslocator,198.51.100.317,192.0.2.63
dim_geography,316,317,ipaddresslocator,198.51.100.318,192.0.2.64
dim_geography,317,318,ipaddresslocator,198.51.100.319,192.0.2.65
dim_geography,318,319,ipaddresslocator,198.51.100.320,192.0.2.66
dim_geography,319,320,ipaddresslocator,198.51.100.321,192.0.2.67
dim_geography,320,321,ipaddresslocator,198.51.100.322,192.0.2.68
dim_geography,321,322,ipaddresslocator,198.51.100.323,192.0.2.69
dim_geography,322,323,ipaddresslocator,198.51.100.324,192.0.2.70
dim_geography,323,324,ipaddresslocator,198.51.100.325,192.0.2.71
dim_geography,324,325,ipaddresslocator,198.51.100.326,192.0.2.72
dim_geography,325,326,ipaddresslocator,198.51.100.327,192.0.2.73
dim_geography,326,327,ipaddresslocator,198.51.100.328,192.0.2.74
dim_geography,327,328,ipaddresslocator,198.51.100.329,192.0.2.75
dim_geography,328,329,ipaddresslocator,198.51.100.330,192.0.2.76
dim_geography,329,330,ipaddresslocator,198.51.100.331,192.0.2.77
dim_geography,330,331,ipaddresslocator,198.51.100.332,192.0.2.78
dim_geography,331,332,ipaddresslocator,198.51.100.333,192.0.2.79
dim_geography,332,333,ipaddresslocator,198.51.100.334,192.0.2.80
dim_geography,333,334,ipaddresslocator,198.51.100.335,192.0.2.81
dim_geography,334,335,ipaddresslocator,198.51.100.336,192.0.2.82
dim_geography,335,336,ipaddresslocator,198.51.100.337,192.0.2.83
dim_geography,336,337,ipaddresslocator,198.51.100.338,192.0.2.84
dim_geography,337,338,ipaddresslocator,198.51.100.339,192.0.2.85
dim_geography,338,339,ipaddresslocator,198.51.100.340,192.0.2.86
dim_geography,339,340,ipaddresslocator,198.51.100.341,192.0.2.87
dim_geography,340,341,ipaddresslocator,198.51.100.342,192.0.2.88
dim_geography,341,342,ipaddresslocator,198.51.100.343,192.0.2.89
dim_geography,342,343,ipaddresslocator,198.51.100.344,192.0.2.90
dim_geography,343,344,ipaddresslocator,198.51.100.345,192.0.2.91
dim_geography,344,345,ipaddresslocator,198.51.100.346,192.0.2.92
dim_geography,345,346,ipaddresslocator,198.51.100.347,192.0.2.93
dim_geography,346,347,ipaddresslocator,198.51.100.348,192.0.2.94
dim_geography,347,348,ipaddresslocator,198.51.100.349,192.0.2.95
dim_geography,348,349,ipaddresslocator,198.51.100.350,192.0.2.96
dim_geography,349,350,ipaddresslocator,198.51.100.351,192.0.2.97
dim_geography,350,351,ipaddresslocator,198.51.100.352,192.0.2.98
dim_geography,351,352,ipaddresslocator,198.51.100.353,192.0.2.99
dim_geography,352,353,ipaddresslocator,198.51.100.354,192.0.2.100
dim_geography,353,354,ipaddresslocator,198.51.100.355,192.0.2.101
dim_geography,354,355,ipaddresslocator,198.51.100.356,192.0.2.102
dim_geography,355,356,ipaddresslocator,198.51.100.357,192.0.2.103
dim_geography,356,357,ipaddresslocator,198.51.100.358,192.0.2.104
dim_geography,357,358,ipaddresslocator,198.51.100.359,192.0.2.105
dim_geography,358,359,ipaddresslocator,198.51.100.360,192.0.2.106
dim_geography,359,360,ipaddresslocator,198.51.100.361,192.0.2.107
dim_geography,360,361,ipaddresslocator,198.51.100.362,192.0.2.108
dim_geography,361,362,ipaddresslocator,198.51.100.363,192.0.2.109
dim_geography,362,363,ipaddresslocator,198.51.100.364,192.0.2.110
dim_geography,363,364,ipaddresslocator,198.51.100.365,192.0.2.111
dim_geography,364,365,ipaddresslocator,198.51.100.366,192.0.2.112
dim_geography,365,366,ipaddresslocator,198.51.100.367,192.0.2.113
dim_geography,366,367,ipaddresslocator,198.51.100.368,192.0.2.114
dim_geography,367,368,ipaddresslocator,198.51.100.369,192.0.2.115
dim_geography,368,369,ipaddresslocator,198.51.100.370,192.0.2.116
dim_geography,369,370,ipaddresslocator,198.51.100.371,192.0.2.117
dim_geography,370,371,ipaddresslocator,198.51.100.372,192.0.2.118
dim_geography,371,372,ipaddresslocator,198.51.100.373,192.0.2.119
dim_geography,372,373,ipaddresslocator,198.51.100.374,192.0.2.120
dim_geography,373,374,ipaddresslocator,198.51.100.375,192.0.2.121
dim_geography,374,375,ipaddresslocator,198.51.100.376,192.0.2.122
dim_geography,375,376,ipaddresslocator,198.51.100.377,192.0.2.123
dim_geography,376,377,ipaddresslocator,198.51.100.378,192.0.2.124
dim_geography,377,378,ipaddresslocator,198.51.100.379,192.0.2.125
dim_geography,378,379,ipaddresslocator,198.51.100.380,192.0.2.126
dim_geography,379,380,ipaddresslocator,198.51.100.381,192.0.2.127
dim_geography,380,381,ipaddresslocator,198.51.100.382,192.0.2.128
dim_geography,381,382,ipaddresslocator,198.51.100.383,192.0.2.129
dim_geography,382,383,ipaddresslocator,198.51.100.384,192.0.2.130
dim_geography,383,384,ipaddresslocator,198.51.100.385,192.0.2.131
dim_geography,384,385,ipaddresslocator,198.51.100.386,192.0.2.132
dim_geography,385,386,ipaddresslocator,198.51.100.387,192.0.2.133
dim_geography,386,387,ipaddresslocator,198.51.100.388,192.0.2.134
dim_geography,387,388,ipaddresslocator,198.51.100.389,192.0.2.135
dim_geography,388,389,ipaddresslocator,198.51.100.390,192.0.2.136
dim_geography,389,390,ipaddresslocator,198.51.100.391,192.0.2.137
dim_geography,390,391,ipaddresslocator,198.51.100.392,192.0.2.138
dim_geography,391,392,ipaddresslocator,198.51.100.393,192.0.2.139
dim_geography,392,393,ipaddresslocator,198.51.100.394,192.0.2.140
dim_geography,393,394,ipaddresslocator,198.51.100.395,192.0.2.141
dim_geography,394,395,ipaddresslocator,198.51.100.396,192.0.2.142
dim_geography,395,396,ipaddresslocator,198.51.100.397,192.0.2.143
dim_geography,396,397,ipaddresslocator,198.51.100.398,192.0.2.144
dim_geography,397,398,ipaddresslocator,198.51.100.399,192.0.2.145
dim_geography,398,399,ipaddresslocator,198.51.100.400,192.0.2.146
dim_geography,399,400,ipaddresslocator,198.51.100.401,192.0.2.147
dim_geography,400,401,ipaddresslocator,198.51.100.402,192.0.2.148
dim_geography,401,402,ipaddresslocator,198.51.100.403,192.0.2.149
dim_geography,402,403,ipaddresslocator,198.51.100.404,192.0.2.150
dim_geography,403,404,ipaddresslocator,198.51.100.405,192.0.2.151
dim_geography,404,405,ipaddresslocator,198.51.100.406,192.0.2.152
dim_geography,405,406,ipaddresslocator,198.51.100.407,192.0.2.153
dim_geography,406,407,ipaddresslocator,198.51.100.408,192.0.2.154
dim_geography,407,408,ipaddresslocator,198.51.100.409,192.0.2.155
dim_geography,408,409,ipaddresslocator,198.51.100.410,192.0.2.156
dim_geography,409,410,ipaddresslocator,198.51.100.411,192.0.2.157
dim_geography,410,411,ipaddresslocator,198.51.100.412,192.0.2.158
dim_geography,411,412,ipaddresslocator,198.51.100.413,192.0.2.159
dim_geography,412,413,ipaddresslocator,198.51.100.414,192.0.2.160
dim_geography,413,414,ipaddresslocator,198.51.100.415,192.0.2.161
dim_geography,414,415,ipaddresslocator,198.51.100.416,192.0.2.162
dim_geography,415,416,ipaddresslocator,198.51.100.417,192.0.2.163
dim_geography,416,417,ipaddresslocator,198.51.100.418,192.0.2.164
dim_geography,417,418,ipaddresslocator,198.51.100.419,192.0.2.165
dim_geography,418,419,ipaddresslocator,198.51.100.420,192.0.2.166
dim_geography,419,420,ipaddresslocator,198.51.100.421,192.0.2.167
dim_geography,420,421,ipaddresslocator,198.51.100.422,192.0.2.168
dim_geography,421,422,ipaddresslocator,198.51.100.423,192.0.2.169
dim_geography,422,423,ipaddresslocator,198.51.100.424,192.0.2.170
dim_geography,423,424,ipaddresslocator,198.51.100.425,192.0.2.171
dim_geography,424,425,ipaddresslocator,198.51.100.426,192.0.2.172
dim_geography,425,426,ipaddresslocator,198.51.100.427,192.0.2.173
dim_geography,426,427,ipaddresslocator,198.51.100.428,192.0.2.174
dim_geography,427,428,ipaddresslocator,198.51.100.429,192.0.2.175
dim_geography,428,429,ipaddresslocator,198.51.100.430,192.0.2.176
dim_geography,429,430,ipaddresslocator,198.51.100.431,192.0.2.177
dim_geography,430,431,ipaddresslocator,198.51.100.432,192.0.2.178
dim_geography,431,432,ipaddresslocator,198.51.100.433,192.0.2.179
dim_geography,432,433,ipaddresslocator,198.51.100.434,192.0.2.180
dim_geography,433,434,ipaddresslocator,198.51.100.435,192.0.2.181
dim_geography,434,435,ipaddresslocator,198.51.100.436,192.0.2.182
dim_geography,435,436,ipaddresslocator,198.51.100.437,192.0.2.183
dim_geography,436,437,ipaddresslocator,198.51.100.438,192.0.2.184
dim_geography,437,438,ipaddresslocator,198.51.100.439,192.0.2.185
dim_geography,438,439,ipaddresslocator,198.51.100.440,192.0.2.186
dim_geography,439,440,ipaddresslocator,198.51.100.441,192.0.2.187
dim_geography,440,441,ipaddresslocator,198.51.100.442,192.0.2.188
dim_geography,441,442,ipaddresslocator,198.51.100.443,192.0.2.189
dim_geography,442,443,ipaddresslocator,198.51.100.444,192.0.2.190
dim_geography,443,444,ipaddresslocator,198.51.100.445,192.0.2.191
dim_geography,444,445,ipaddresslocator,198.51.100.446,192.0.2.192
dim_geography,445,446,ipaddresslocator,198.51.100.447,192.0.2.193
dim_geography,446,447,ipaddresslocator,198.51.100.448,192.0.2.194
dim_geography,447,448,ipaddresslocator,198.51.100.449,192.0.2.195
dim_geography,448,449,ipaddresslocator,198.51.100.450,192.0.2.196
dim_geography,449,450,ipaddresslocator,198.51.100.451,192.0.2.197
dim_geography,450,451,ipaddresslocator,198.51.100.452,192.0.2.198
dim_geography,451,452,ipaddresslocator,198.51.100.453,192.0.2.199
dim_geography,452,453,ipaddresslocator,198.51.100.454,192.0.2.200
dim_geography,453,454,ipaddresslocator,198.51.100.455,192.0.2.201
dim_geography,454,455,ipaddresslocator,198.51.100.456,192.0.2.202
dim_geography,455,456,ipaddresslocator,198.51.100.457,192.0.2.203
dim_geography,456,457,ipaddresslocator,198.51.100.458,192.0.2.204
dim_geography,457,458,ipaddresslocator,198.51.100.459,192.0.2.205
dim_geography,458,459,ipaddresslocator,198.51.100.460,192.0.2.206
dim_geography,459,460,ipaddresslocator,198.51.100.461,192.0.2.207
dim_geography,460,461,ipaddresslocator,198.51.100.462,192.0.2.208
dim_geography,461,462,ipaddresslocator,198.51.100.463,192.0.2.209
dim_geography,462,463,ipaddresslocator,198.51.100.464,192.0.2.210
dim_geography,463,464,ipaddresslocator,198.51.100.465,192.0.2.211
dim_geography,464,465,ipaddresslocator,198.51.100.466,192.0.2.212
dim_geography,465,466,ipaddresslocator,198.51.100.467,192.0.2.213
dim_geography,466,467,ipaddresslocator,198.51.100.468,192.0.2.214
dim_geography,467,468,ipaddresslocator,198.51.100.469,192.0.2.215
dim_geography,468,469,ipaddresslocator,198.51.100.470,192.0.2.216
dim_geography,469,470,ipaddresslocator,198.51.100.471,192.0.2.217
dim_geography,470,471,ipaddresslocator,198.51.100.472,192.0.2.218
dim_geography,471,472,ipaddresslocator,198.51.100.473,192.0.2.219
dim_geography,472,473,ipaddresslocator,198.51.100.474,192.0.2.220
dim_geography,473,474,ipaddresslocator,198.51.100.475,192.0.2.221
dim_geography,474,475,ipaddresslocator,198.51.100.476,192.0.2.222
dim_geography,475,476,ipaddresslocator,198.51.100.477,192.0.2.223
dim_geography,476,477,ipaddresslocator,198.51.100.478,192.0.2.224
dim_geography,477,478,ipaddresslocator,198.51.100.479,192.0.2.225
dim_geography,478,479,ipaddresslocator,198.51.100.480,192.0.2.226
dim_geography,479,480,ipaddresslocator,198.51.100.481,192.0.2.227
dim_geography,480,481,ipaddresslocator,198.51.100.482,192.0.2.228
dim_geography,481,482,ipaddresslocator,198.51.100.483,192.0.2.229
dim_geography,482,483,ipaddresslocator,198.51.100.484,192.0.2.230
dim_geography,483,484,ipaddresslocator,198.51.100.485,192.0.2.231
dim_geography,484,485,ipaddresslocator,198.51.100.486,192.0.2.232
dim_geography,485,486,ipaddresslocator,198.51.100.487,192.0.2.233
dim_geography,486,487,ipaddresslocator,198.51.100.488,192.0.2.234
dim_geography,487,488,ipaddresslocator,198.51.100.489,192.0.2.235
dim_geography,488,489,ipaddresslocator,198.51.100.490,192.0.2.236
dim_geography,489,490,ipaddresslocator,198.51.100.491,192.0.2.237
dim_geography,490,491,ipaddresslocator,198.51.100.492,192.0.2.238
dim_geography,491,492,ipaddresslocator,198.51.100.493,192.0.2.239
dim_geography,492,493,ipaddresslocator,198.51.100.494,192.0.2.240
dim_geography,493,494,ipaddresslocator,198.51.100.495,192.0.2.241
dim_geography,494,495,ipaddresslocator,198.51.100.496,192.0.2.242
dim_geography,495,496,ipaddresslocator,198.51.100.497,192.0.2.243
dim_geography,496,497,ipaddresslocator,198.51.100.498,192.0.2.244
dim_geography,497,498,ipaddresslocator,198.51.100.499,192.0.2.245
dim_geography,498,499,ipaddresslocator,198.51.100.500,192.0.2.246
dim_geography,499,500,ipaddresslocator,198.51.100.501,192.0.2.247
dim_geography,500,501,ipaddresslocator,198.51.100.502,192.0.2.248
dim_geography,501,502,ipaddresslocator,198.51.100.503,192.0.2.249
dim_geography,502,503,ipaddresslocator,198.51.100.504,192.0.2.250
dim_geography,503,504,ipaddresslocator,198.51.100.505,192.0.2.251
dim_geography,504,505,ipaddresslocator,198.51.100.506,192.0.2.252
dim_geography,505,506,ipaddresslocator,198.51.100.507,192.0.2.253
dim_geography,506,507,ipaddresslocator,198.51.100.508,192.0.2.254
dim_geography,507,508,ipaddresslocator,198.51.100.509,203.0.113.1
dim_geography,508,509,ipaddresslocator,198.51.100.510,203.0.113.2
dim_geography,509,510,ipaddresslocator,198.51.100.511,203.0.113.3
dim_geography,510,511,ipaddresslocator,198.51.100.512,203.0.113.4
dim_geography,511,512,ipaddresslocator,198.51.100.513,203.0.113.5
dim_geography,512,513,ipaddresslocator,198.51.100.514,203.0.113.6
dim_geography,513,514,ipaddresslocator,198.51.100.515,203.0.113.7
dim_geography,514,515,ipaddresslocator,198.51.100.516,203.0.113.8
dim_geography,515,516,ipaddresslocator,198.51.100.517,203.0.113.9
dim_geography,516,517,ipaddresslocator,198.51.100.518,203.0.113.10
dim_geography,517,518,ipaddresslocator,198.51.100.519,203.0.113.11
dim_geography,518,519,ipaddresslocator,198.51.100.520,203.0.113.12
dim_geography,519,520,ipaddresslocator,198.51.100.521,203.0.113.13
dim_geography,520,521,ipaddresslocator,198.51.100.522,203.0.113.14
dim_geography,521,522,ipaddresslocator,198.51.100.523,203.0.113.15
dim_geography,522,523,ipaddresslocator,198.51.100.524,203.0.113.16
dim_geography,523,524,ipaddresslocator,198.51.100.525,203.0.113.17
dim_geography,524,525,ipaddresslocator,198.51.100.526,203.0.113.18
dim_geography,525,526,ipaddresslocator,198.51.100.527,203.0.113.19
dim_geography,526,527,ipaddresslocator,198.51.100.528,203.0.113.20
dim_geography,527,528,ipaddresslocator,198.51.100.529,203.0.113.21
dim_geography,528,529,ipaddresslocator,198.51.100.530,203.0.113.22
dim_geography,529,530,ipaddresslocator,198.51.100.531,203.0.113.23
dim_geography,530,531,ipaddresslocator,198.51.100.532,203.0.113.24
dim_geography,531,532,ipaddresslocator,198.51.100.533,203.0.113.25
dim_geography,532,533,ipaddresslocator,198.51.100.534,203.0.113.26
dim_geography,533,534,ipaddresslocator,198.51.100.535,203.0.113.27
dim_geography,534,535,ipaddresslocator,198.51.100.536,203.0.113.28
dim_geography,535,536,ipaddresslocator,198.51.100.537,203.0.113.29
dim_geography,536,537,ipaddresslocator,198.51.100.538,203.0.113.30
dim_geography,537,538,ipaddresslocator,198.51.100.539,203.0.113.31
dim_geography,538,539,ipaddresslocator,198.51.100.540,203.0.113.32
dim_geography,539,540,ipaddresslocator,198.51.100.541,203.0.113.33
dim_geography,540,541,ipaddresslocator,198.51.100.542,203.0.113.34
dim_geography,541,542,ipaddresslocator,198.51.100.543,203.0.113.35
dim_geography,542,543,ipaddresslocator,198.51.100.544,203.0.113.36
dim_geography,543,544,ipaddresslocator,198.51.100.545,203.0.113.37
dim_geography,544,545,ipaddresslocator,198.51.100.546,203.0.113.38
dim_geography,545,546,ipaddresslocator,198.51.100.547,203.0.113.39
dim_geography,546,547,ipaddresslocator,198.51.100.548,203.0.113.40
dim_geography,547,548,ipaddresslocator,198.51.100.549,203.0.113.41
dim_geography,548,549,ipaddresslocator,198.51.100.550,203.0.113.42
dim_geography,549,550,ipaddresslocator,198.51.100.551,203.0.113.43
dim_geography,550,551,ipaddresslocator,198.51.100.552,203.0.113.44
dim_geography,551,552,ipaddresslocator,198.51.100.553,203.0.113.45
dim_geography,552,553,ipaddresslocator,198.51.100.554,203.0.113.46
dim_geography,553,554,ipaddresslocator,198.51.100.555,203.0.113.47
dim_geography,554,555,ipaddresslocator,198.51.100.556,203.0.113.48
dim_geography,555,556,ipaddresslocator,198.51.100.557,203.0.113.49
dim_geography,556,557,ipaddresslocator,198.51.100.558,203.0.113.50
dim_geography,557,558,ipaddresslocator,198.51.100.559,203.0.113.51
dim_geography,558,559,ipaddresslocator,198.51.100.560,203.0.113.52
dim_geography,559,560,ipaddresslocator,198.51.100.561,203.0.113.53
dim_geography,560,561,ipaddresslocator,198.51.100.562,203.0.113.54
dim_geography,561,562,ipaddresslocator,198.51.100.563,203.0.113.55
dim_geography,562,563,ipaddresslocator,198.51.100.564,203.0.113.56
dim_geography,563,564,ipaddresslocator,198.51.100.565,203.0.113.57
dim_geography,564,565,ipaddresslocator,198.51.100.566,203.0.113.58
dim_geography,565,566,ipaddresslocator,198.51.100.567,203.0.113.59
dim_geography,566,567,ipaddresslocator,198.51.100.568,203.0.113.60
dim_geography,567,568,ipaddresslocator,198.51.100.569,203.0.113.61
dim_geography,568,569,ipaddresslocator,198.51.100.570,203.0.113.62
dim_geography,569,570,ipaddresslocator,198.51.100.571,203.0.113.63
dim_geography,570,571,ipaddresslocator,198.51.100.572,203.0.113.64
dim_geography,571,572,ipaddresslocator,198.51.100.573,203.0.113.65
dim_geography,572,573,ipaddresslocator,198.51.100.574,203.0.113.66
dim_geography,573,574,ipaddresslocator,198.51.100.575,203.0.113.67
dim_geography,574,575,ipaddresslocator,198.51.100.576,203.0.113.68
dim_geography,575,576,ipaddresslocator,198.51.100.577,203.0.113.69
dim_geography,576,577,ipaddresslocator,198.51.100.578,203.0.113.70
dim_geography,577,578,ipaddresslocator,198.51.100.579,203.0.113.71
dim_geography,578,579,ipaddresslocator,198.51.100.580,203.0.113.72
dim_geography,579,580,ipaddresslocator,198.51.100.581,203.0.113.73
dim_geography,580,581,ipaddresslocator,198.51.100.582,203.0.113.74
dim_geography,581,582,ipaddresslocator,198.51.100.583,203.0.113.75
dim_geography,582,583,ipaddresslocator,198.51.100.584,203.0.113.76
dim_geography,583,584,ipaddresslocator,198.51.100.585,203.0.113.77
dim_geography,584,585,ipaddresslocator,198.51.100.586,203.0.113.78
dim_geography,585,586,ipaddresslocator,198.51.100.587,203.0.113.79
dim_geography,586,587,ipaddresslocator,198.51.100.588,203.0.113.80
dim_geography,587,588,ipaddresslocator,198.51.100.589,203.0.113.81
dim_geography,588,589,ipaddresslocator,198.51.100.590,203.0.113.82
dim_geography,589,590,ipaddresslocator,198.51.100.591,203.0.113.83
dim_geography,590,591,ipaddresslocator,198.51.100.592,203.0.113.84
dim_geography,591,592,ipaddresslocator,198.51.100.593,203.0.113.85
dim_geography,592,593,ipaddresslocator,198.51.100.594,203.0.113.86
dim_geography,593,594,ipaddresslocator,198.51.100.595,203.0.113.87
dim_geography,594,595,ipaddresslocator,198.51.100.596,203.0.113.88
dim_geography,595,596,ipaddresslocator,198.51.100.597,203.0.113.89
dim_geography,596,597,ipaddresslocator,198.51.100.598,203.0.113.90
dim_geography,597,598,ipaddresslocator,198.51.100.599,203.0.113.91
dim_geography,598,599,ipaddresslocator,198.51.100.600,203.0.113.92
dim_geography,599,600,ipaddresslocator,198.51.100.601,203.0.113.93
dim_geography,600,601,ipaddresslocator,198.51.100.602,203.0.113.94
dim_geography,601,602,ipaddresslocator,198.51.100.603,203.0.113.95
dim_geography,602,603,ipaddresslocator,198.51.100.604,203.0.113.96
dim_geography,603,604,ipaddresslocator,198.51.100.605,203.0.113.97
dim_geography,604,605,ipaddresslocator,198.51.100.606,203.0.113.98
dim_geography,605,606,ipaddresslocator,198.51.100.607,203.0.113.99
dim_geography,606,607,ipaddresslocator,198.51.100.608,203.0.113.100
dim_geography,607,608,ipaddresslocator,198.51.100.609,203.0.113.101
dim_geography,608,609,ipaddresslocator,198.51.100.610,203.0.113.102
dim_geography,609,610,ipaddresslocator,198.51.100.611,203.0.113.103
dim_geography,610,611,ipaddresslocator,198.51.100.612,203.0.113.104
dim_geography,611,612,ipaddresslocator,198.51.100.613,203.0.113.105
dim_geography,612,613,ipaddresslocator,198.51.100.614,203.0.113.106
dim_geography,613,614,ipaddresslocator,198.51.100.615,203.0.113.107
dim_geography,614,615,ipaddresslocator,198.51.100.616,203.0.113.108
dim_geography,615,616,ipaddresslocator,198.51.100.617,203.0.113.109
dim_geography,616,617,ipaddresslocator,198.51.100.618,203.0.113.110
dim_geography,617,618,ipaddresslocator,198.51.100.619,203.0.113.111
dim_geography,618,619,ipaddresslocator,198.51.100.620,203.0.113.112
dim_geography,619,620,ipaddresslocator,198.51.100.621,203.0.113.113
dim_geography,620,621,ipaddresslocator,198.51.100.622,203.0.113.114
dim_geography,621,622,ipaddresslocator,198.51.100.623,203.0.113.115
dim_geography,622,623,ipaddresslocator,198.51.100.624,203.0.113.116
dim_geography,623,624,ipaddresslocator,198.51.100.625,203.0.113.117
dim_geography,624,625,ipaddresslocator,198.51.100.626,203.0.113.118
dim_geography,625,626,ipaddresslocator,198.51.100.627,203.0.113.119
dim_geography,626,627,ipaddresslocator,198.51.100.628,203.0.113.120
dim_geography,627,628,ipaddresslocator,198.51.100.629,203.0.113.121
dim_geography,628,629,ipaddresslocator,198.51.100.630,203.0.113.122
dim_geography,629,630,ipaddresslocator,198.51.100.631,203.0.113.123
dim_geography,630,631,ipaddresslocator,198.51.100.632,203.0.113.124
dim_geography,631,632,ipaddresslocator,198.51.100.633,203.0.113.125
dim_geography,632,633,ipaddresslocator,198.51.100.634,203.0.113.126
dim_geography,633,634,ipaddresslocator,198.51.100.635,203.0.113.127
dim_geography,634,635,ipaddresslocator,198.51.100.636,203.0.113.128
dim_geography,635,636,ipaddresslocator,198.51.100.637,203.0.113.129
dim_geography,636,637,ipaddresslocator,198.51.100.638,203.0.113.130
dim_geography,637,638,ipaddresslocator,198.51.100.639,203.0.113.131
dim_geography,638,639,ipaddresslocator,198.51.100.640,203.0.113.132
dim_geography,639,640,ipaddresslocator,198.51.100.641,203.0.113.133
dim_geography,640,641,ipaddresslocator,198.51.100.642,203.0.113.134
dim_geography,641,642,ipaddresslocator,198.51.100.643,203.0.113.135
dim_geography,642,643,ipaddresslocator,198.51.100.644,203.0.113.136
dim_geography,643,644,ipaddresslocator,198.51.100.645,203.0.113.137
dim_geography,644,645,ipaddresslocator,198.51.100.646,203.0.113.138
dim_geography,645,646,ipaddresslocator,198.51.100.647,203.0.113.139
dim_geography,646,647,ipaddresslocator,198.51.100.648,203.0.113.140
dim_geography,647,648,ipaddresslocator,198.51.100.649,203.0.113.141
dim_geography,648,649,ipaddresslocator,198.51.100.650,203.0.113.142
dim_geography,649,650,ipaddresslocator,198.51.100.651,203.0.113.143
dim_geography,650,651,ipaddresslocator,198.51.100.652,203.0.113.144
dim_geography,651,652,ipaddresslocator,198.51.100.653,203.0.113.145
dim_geography,652,653,ipaddresslocator,198.51.100.654,203.0.113.146
dim_geography,653,654,ipaddresslocator,198.51.100.655,203.0.113.147
dim_geography,654,655,ipaddresslocator,198.51.100.656,203.0.113.148
dim_geography,42,43,postalcode,V5A 3A6,V3J 6Z3
dim_geography,43,44,postalcode,V5H 3Z7,V5A 3A6
dim_geography,44,45,postalcode,V5G 4S4,V5A 4X1
dim_geography,45,46,postalcode,V5A 4X1,V5G 4S4
dim_geography,47,48,postalcode,V3J 6Z3,V5H 3Z7
dim_geography,54,55,postalcode,V2M1P1,V2L3W8
dim_geography,56,57,postalcode,V2L3W8,V2M1P1
dim_geography,62,63,postalcode,V9B 2C3,V8Z 4N5
dim_geography,63,64,postalcode,V8Z 4N5,V9B 2C3
dim_geography,81,82,postalcode,L5A 1H6,L4W 5J3
dim_geography,82,83,postalcode,L4W 5J3,L5A 1H6
dim_geography,86,87,postalcode,K4B 1S2,K4B 1S1
dim_geography,87,88,postalcode,K4B 1S1,K4B 1S2
dim_geography,88,89,postalcode,K4B 1T7,K4B 1S3
dim_geography,89,90,postalcode,K4B 1S3,K4B 1T7
dim_geography,92,93,postalcode,M4B 1V7,M4B 1V4
dim_geography,93,94,postalcode,M4B 1V6,M4B 1V5
dim_geography,94,95,postalcode,M4B 1V5,M4B 1V6
dim_geography,95,96,postalcode,M4B 1V4,M4B 1V7
dim_geography,99,100,postalcode,J4Z 1R4,J4Z 1C5
dim_geography,100,101,postalcode,J4Z 1C5,J4Z 1R4
dim_geography,103,104,postalcode,H1Y 2H5,H1Y 2H3
dim_geography,104,105,postalcode,H1Y 2H7,H1Y 2H5
dim_geography,105,106,postalcode,H1Y 2H8,H1Y 2H7
dim_geography,106,107,postalcode,H1Y 2H3,H1Y 2H8
dim_geography,122,123,postalcode,14111,12171
dim_geography,123,124,postalcode,14129,13441
dim_geography,124,125,postalcode,12171,14111
dim_geography,125,126,postalcode,13441,14129
dim_geography,128,129,postalcode,40605,40434
dim_geography,129,130,postalcode,40434,40605
dim_geography,137,138,postalcode,14111,10210
dim_geography,138,139,postalcode,10210,10791
dim_geography,140,141,postalcode,10791,14111
dim_geography,141,142,postalcode,53131,53001
dim_geography,142,143,postalcode,53001,53131
dim_geography,151,152,postalcode,14197,10501
dim_geography,152,153,postalcode,10501,14197
dim_geography,162,163,postalcode,14197,12171
dim_geography,164,165,postalcode,12171,14197
dim_geography,165,166,postalcode,60075,60061
dim_geography,166,167,postalcode,60061,60075
dim_geography,175,176,postalcode,70511,70452
dim_geography,176,177,postalcode,70452,70511
dim_geography,191,192,postalcode,75013,75002
dim_geography,192,193,postalcode,75019,75003
dim_geography,193,194,postalcode,75016,75005
dim_geography,194,195,postalcode,75003,75006
dim_geography,195,196,postalcode,75005,75007
dim_geography,196,197,postalcode,75010,75008
dim_geography,197,198,postalcode,75008,75009
dim_geography,198,199,postalcode,75009,75010
dim_geography,199,200,postalcode,75017,75012
dim_geography,200,201,postalcode,75012,75013
dim_geography,201,202,postalcode,75007,75016
dim_geography,202,203,postalcode,75006,75017
dim_geography,203,204,postalcode,75002,75019
dim_geography,217,218,postalcode,92150,92310
dim_geography,218,219,postalcode,92310,92150
dim_geography,243,244,postalcode,L4 4HB,C2H 7AU
dim_geography,244,245,postalcode,SE1 8HL,E17 6JF
dim_geography,245,246,postalcode,C2H 7AU,EC1R 0DU
dim_geography,246,247,postalcode,SW6 SBY,SE1 8HL
dim_geography,247,248,postalcode,W1N 9FA,SW19 3RU
dim_geography,248,249,postalcode,W10 6BL,SW1P 2NU
dim_geography,249,250,postalcode,E17 6JF,SW6 SBY
dim_geography,250,251,postalcode,W1X3SE,SW8 1XD
dim_geography,251,252,postalcode,EC1R 0DU,SW8 4BG
dim_geography,252,253,postalcode,SW8 1XD,W10 6BL
dim_geography,253,254,postalcode,SW8 4BG,W1N 9FA
dim_geography,254,255,postalcode,SW19 3RU,W1V 5RN
dim_geography,255,256,postalcode,W1V 5RN,W1X3SE
dim_geography,257,258,postalcode,SW1P 2NU,SL67RJ
dim_geography,258,259,postalcode,SL67RJ,MK8 8DF
dim_geography,260,261,postalcode,MK8 8DF,NT20
dim_geography,261,262,postalcode,NT20,OX1
dim_geography,263,264,postalcode,OX1,OX16 8RS
dim_geography,264,265,postalcode,OX16 8RS,PB12
dim_geography,265,266,postalcode,PB12,RG7 5H7
dim_geography,266,267,postalcode,RG7 5H7,TY31
dim_geography,267,268,postalcode,TY31,L4 4HB
dim_geography,270,271,postalcode,WA3 7BH,WA1
dim_geography,271,272,postalcode,WA1,WA3 7BH
dim_geography,536,537,postalcode,97015-6403,97015
dim_geography,537,538,postalcode,97015,97015-6403
dim_geography,27,28,stateprovincecode,SA ,SA
dim_geography,28,29,stateprovincecode,SA ,SA
dim_geography,29,30,stateprovincecode,SA ,SA
dim_geography,40,41,stateprovincecode,AB ,AB
dim_geography,41,42,stateprovincecode,AB ,AB
dim_geography,42,43,stateprovincecode,BC ,BC
dim_geography,43,44,stateprovincecode,BC ,BC
dim_geography,44,45,stateprovincecode,BC ,BC
dim_geography,45,46,stateprovincecode,BC ,BC
dim_geography,46,47,stateprovincecode,BC ,BC
dim_geography,47,48,stateprovincecode,BC ,BC
dim_geography,48,49,stateprovincecode,BC ,BC
dim_geography,49,50,stateprovincecode,BC ,BC
dim_geography,50,51,stateprovincecode,BC ,BC
dim_geography,51,52,stateprovincecode,BC ,BC
dim_geography,52,53,stateprovincecode,BC ,BC
dim_geography,53,54,stateprovincecode,BC ,BC
dim_geography,54,55,stateprovincecode,BC ,BC
dim_geography,55,56,stateprovincecode,BC ,BC
dim_geography,56,57,stateprovincecode,BC ,BC
dim_geography,57,58,stateprovincecode,BC ,BC
dim_geography,58,59,stateprovincecode,BC ,BC
dim_geography,59,60,stateprovincecode,BC ,BC
dim_geography,60,61,stateprovincecode,BC ,BC
dim_geography,61,62,stateprovincecode,BC ,BC
dim_geography,62,63,stateprovincecode,BC ,BC
dim_geography,63,64,stateprovincecode,BC ,BC
dim_geography,64,65,stateprovincecode,BC ,BC
dim_geography,65,66,stateprovincecode,BC ,BC
dim_geography,66,67,stateprovincecode,BC ,BC
dim_geography,67,68,stateprovincecode,BC ,BC
dim_geography,68,69,stateprovincecode,BC ,BC
dim_geography,69,70,stateprovincecode,BC ,BC
dim_geography,70,71,stateprovincecode,BC ,BC
dim_geography,71,72,stateprovincecode,MB ,MB
dim_geography,72,73,stateprovincecode,NB ,NB
dim_geography,73,74,stateprovincecode,ON ,ON
dim_geography,74,75,stateprovincecode,ON ,ON
dim_geography,75,76,stateprovincecode,ON ,ON
dim_geography,76,77,stateprovincecode,ON ,ON
dim_geography,77,78,stateprovincecode,ON ,ON
dim_geography,78,79,stateprovincecode,ON ,ON
dim_geography,79,80,stateprovincecode,ON ,ON
dim_geography,80,81,stateprovincecode,ON ,ON
dim_geography,81,82,stateprovincecode,ON ,ON
dim_geography,82,83,stateprovincecode,ON ,ON
dim_geography,83,84,stateprovincecode,ON ,ON
dim_geography,84,85,stateprovincecode,ON ,ON
dim_geography,85,86,stateprovincecode,ON ,ON
dim_geography,86,87,stateprovincecode,ON ,ON
dim_geography,87,88,stateprovincecode,ON ,ON
dim_geography,88,89,stateprovincecode,ON ,ON
dim_geography,89,90,stateprovincecode,ON ,ON
dim_geography,90,91,stateprovincecode,ON ,ON
dim_geography,91,92,stateprovincecode,ON ,ON
dim_geography,92,93,stateprovincecode,ON ,ON
dim_geography,93,94,stateprovincecode,ON ,ON
dim_geography,94,95,stateprovincecode,ON ,ON
dim_geography,95,96,stateprovincecode,ON ,ON
dim_geography,96,97,stateprovincecode,ON ,ON
dim_geography,97,98,stateprovincecode,ON ,ON
dim_geography,98,99,stateprovincecode,ON ,ON
dim_geography,99,100,stateprovincecode,QC ,QC
dim_geography,100,101,stateprovincecode,QC ,QC
dim_geography,101,102,stateprovincecode,QC ,QC
dim_geography,102,103,stateprovincecode,QC ,QC
dim_geography,103,104,stateprovincecode,QC ,QC
dim_geography,104,105,stateprovincecode,QC ,QC
dim_geography,105,106,stateprovincecode,QC ,QC
dim_geography,106,107,stateprovincecode,QC ,QC
dim_geography,107,108,stateprovincecode,QC ,QC
dim_geography,108,109,stateprovincecode,QC ,QC
dim_geography,109,110,stateprovincecode,QC ,QC
dim_geography,110,111,stateprovincecode,QC ,QC
dim_geography,111,112,stateprovincecode,QC ,QC
dim_geography,112,113,stateprovincecode,QC ,QC
dim_geography,113,114,stateprovincecode,BB ,BB
dim_geography,114,115,stateprovincecode,BB ,BB
dim_geography,115,116,stateprovincecode,BY ,BY
dim_geography,116,117,stateprovincecode,BY ,BY
dim_geography,117,118,stateprovincecode,BY ,BY
dim_geography,118,119,stateprovincecode,BY ,BY
dim_geography,119,120,stateprovincecode,BY ,BY
dim_geography,120,121,stateprovincecode,BY ,BY
dim_geography,121,122,stateprovincecode,HE ,HE
dim_geography,122,123,stateprovincecode,HE ,HE
dim_geography,123,124,stateprovincecode,HE ,HE
dim_geography,124,125,stateprovincecode,HE ,HE
dim_geography,125,126,stateprovincecode,HE ,HE
dim_geography,126,127,stateprovincecode,HE ,HE
dim_geography,127,128,stateprovincecode,HE ,HE
dim_geography,128,129,stateprovincecode,HE ,HE
dim_geography,129,130,stateprovincecode,HE ,HE
dim_geography,130,131,stateprovincecode,HE ,HE
dim_geography,131,132,stateprovincecode,HE ,HE
dim_geography,132,133,stateprovincecode,HE ,HE
dim_geography,133,134,stateprovincecode,HE ,HE
dim_geography,134,135,stateprovincecode,HE ,HE
dim_geography,135,136,stateprovincecode,HH ,HH
dim_geography,136,137,stateprovincecode,HH ,HH
dim_geography,137,138,stateprovincecode,HH ,HH
dim_geography,138,139,stateprovincecode,HH ,HH
dim_geography,139,140,stateprovincecode,HH ,HH
dim_geography,140,141,stateprovincecode,HH ,HH
dim_geography,141,142,stateprovincecode,HH ,HH
dim_geography,142,143,stateprovincecode,HH ,HH
dim_geography,143,144,stateprovincecode,HH ,HH
dim_geography,144,145,stateprovincecode,HH ,HH
dim_geography,145,146,stateprovincecode,HH ,HH
dim_geography,146,147,stateprovincecode,HH ,HH
dim_geography,147,148,stateprovincecode,HH ,HH
dim_geography,148,149,stateprovincecode,HH ,HH
dim_geography,149,150,stateprovincecode,HH ,HH
dim_geography,150,151,stateprovincecode,HH ,HH
dim_geography,151,152,stateprovincecode,NW ,NW
dim_geography,152,153,stateprovincecode,NW ,NW
dim_geography,153,154,stateprovincecode,NW ,NW
dim_geography,154,155,stateprovincecode,NW ,NW
dim_geography,155,156,stateprovincecode,NW ,NW
dim_geography,156,157,stateprovincecode,NW ,NW
dim_geography,157,158,stateprovincecode,NW ,NW
dim_geography,158,159,stateprovincecode,NW ,NW
dim_geography,159,160,stateprovincecode,NW ,NW
dim_geography,160,161,stateprovincecode,NW ,NW
dim_geography,161,162,stateprovincecode,NW ,NW
dim_geography,162,163,stateprovincecode,SL ,SL
dim_geography,163,164,stateprovincecode,SL ,SL
dim_geography,164,165,stateprovincecode,SL ,SL
dim_geography,165,166,stateprovincecode,SL ,SL
dim_geography,166,167,stateprovincecode,SL ,SL
dim_geography,167,168,stateprovincecode,SL ,SL
dim_geography,168,169,stateprovincecode,SL ,SL
dim_geography,169,170,stateprovincecode,SL ,SL
dim_geography,170,171,stateprovincecode,SL ,SL
dim_geography,171,172,stateprovincecode,SL ,SL
dim_geography,172,173,stateprovincecode,SL ,SL
dim_geography,173,174,stateprovincecode,SL ,SL
dim_geography,174,175,stateprovincecode,SL ,SL
dim_geography,175,176,stateprovincecode,SL ,SL
dim_geography,176,177,stateprovincecode,SL ,SL
dim_geography,177,178,stateprovincecode,SL ,SL
dim_geography,178,179,stateprovincecode,17 ,17
dim_geography,179,180,stateprovincecode,31 ,31
dim_geography,180,181,stateprovincecode,32 ,32
dim_geography,181,182,stateprovincecode,41 ,41
dim_geography,182,183,stateprovincecode,45 ,45
dim_geography,183,184,stateprovincecode,57 ,57
dim_geography,184,185,stateprovincecode,59 ,59
dim_geography,185,186,stateprovincecode,59 ,59
dim_geography,186,187,stateprovincecode,59 ,59
dim_geography,187,188,stateprovincecode,59 ,59
dim_geography,188,189,stateprovincecode,59 ,59
dim_geography,189,190,stateprovincecode,59 ,59
dim_geography,190,191,stateprovincecode,62 ,62
dim_geography,191,192,stateprovincecode,75 ,75
dim_geography,192,193,stateprovincecode,75 ,75
dim_geography,193,194,stateprovincecode,75 ,75
dim_geography,194,195,stateprovincecode,75 ,75
dim_geography,195,196,stateprovincecode,75 ,75
dim_geography,196,197,stateprovincecode,75 ,75
dim_geography,197,198,stateprovincecode,75 ,75
dim_geography,198,199,stateprovincecode,75 ,75
dim_geography,199,200,stateprovincecode,75 ,75
dim_geography,200,201,stateprovincecode,75 ,75
dim_geography,201,202,stateprovincecode,75 ,75
dim_geography,202,203,stateprovincecode,75 ,75
dim_geography,203,204,stateprovincecode,75 ,75
dim_geography,204,205,stateprovincecode,77 ,77
dim_geography,205,206,stateprovincecode,77 ,77
dim_geography,206,207,stateprovincecode,78 ,78
dim_geography,207,208,stateprovincecode,78 ,78
dim_geography,208,209,stateprovincecode,78 ,78
dim_geography,209,210,stateprovincecode,80 ,80
dim_geography,210,211,stateprovincecode,91 ,91
dim_geography,211,212,stateprovincecode,91 ,91
dim_geography,212,213,stateprovincecode,91 ,91
dim_geography,213,214,stateprovincecode,92 ,92
dim_geography,214,215,stateprovincecode,92 ,92
dim_geography,215,216,stateprovincecode,92 ,92
dim_geography,216,217,stateprovincecode,92 ,92
dim_geography,217,218,stateprovincecode,92 ,92
dim_geography,218,219,stateprovincecode,92 ,92
dim_geography,219,220,stateprovincecode,93 ,93
dim_geography,220,221,stateprovincecode,93 ,93
dim_geography,221,222,stateprovincecode,93 ,93
dim_geography,222,223,stateprovincecode,93 ,93
dim_geography,223,224,stateprovincecode,93 ,93
dim_geography,224,225,stateprovincecode,94 ,94
dim_geography,225,226,stateprovincecode,95 ,95
dim_geography,279,280,stateprovincecode,AL ,AL
dim_geography,280,281,stateprovincecode,AL ,AL
dim_geography,281,282,stateprovincecode,AL ,AL
dim_geography,282,283,stateprovincecode,AL ,AL
dim_geography,283,284,stateprovincecode,AL ,AL
dim_geography,284,285,stateprovincecode,AZ ,AZ
dim_geography,285,286,stateprovincecode,AZ ,AZ
dim_geography,286,287,stateprovincecode,AZ ,AZ
dim_geography,287,288,stateprovincecode,AZ ,AZ
dim_geography,288,289,stateprovincecode,AZ ,AZ
dim_geography,289,290,stateprovincecode,AZ ,AZ
dim_geography,290,291,stateprovincecode,AZ ,AZ
dim_geography,291,292,stateprovincecode,CA ,CA
dim_geography,292,293,stateprovincecode,CA ,CA
dim_geography,293,294,stateprovincecode,CA ,CA
dim_geography,294,295,stateprovincecode,CA ,CA
dim_geography,295,296,stateprovincecode,CA ,CA
dim_geography,296,297,stateprovincecode,CA ,CA
dim_geography,297,298,stateprovincecode,CA ,CA
dim_geography,298,299,stateprovincecode,CA ,CA
dim_geography,299,300,stateprovincecode,CA ,CA
dim_geography,300,301,stateprovincecode,CA ,CA
dim_geography,301,302,stateprovincecode,CA ,CA
dim_geography,302,303,stateprovincecode,CA ,CA
dim_geography,303,304,stateprovincecode,CA ,CA
dim_geography,304,305,stateprovincecode,CA ,CA
dim_geography,305,306,stateprovincecode,CA ,CA
dim_geography,306,307,stateprovincecode,CA ,CA
dim_geography,307,308,stateprovincecode,CA ,CA
dim_geography,308,309,stateprovincecode,CA ,CA
dim_geography,309,310,stateprovincecode,CA ,CA
dim_geography,310,311,stateprovincecode,CA ,CA
dim_geography,311,312,stateprovincecode,CA ,CA
dim_geography,312,313,stateprovincecode,CA ,CA
dim_geography,313,314,stateprovincecode,CA ,CA
dim_geography,314,315,stateprovincecode,CA ,CA
dim_geography,315,316,stateprovincecode,CA ,CA
dim_geography,316,317,stateprovincecode,CA ,CA
dim_geography,317,318,stateprovincecode,CA ,CA
dim_geography,318,319,stateprovincecode,CA ,CA
dim_geography,319,320,stateprovincecode,CA ,CA
dim_geography,320,321,stateprovincecode,CA ,CA
dim_geography,321,322,stateprovincecode,CA ,CA
dim_geography,322,323,stateprovincecode,CA ,CA
dim_geography,323,324,stateprovincecode,CA ,CA
dim_geography,324,325,stateprovincecode,CA ,CA
dim_geography,325,326,stateprovincecode,CA ,CA
dim_geography,326,327,stateprovincecode,CA ,CA
dim_geography,327,328,stateprovincecode,CA ,CA
dim_geography,328,329,stateprovincecode,CA ,CA
dim_geography,329,330,stateprovincecode,CA ,CA
dim_geography,330,331,stateprovincecode,CA ,CA
dim_geography,331,332,stateprovincecode,CA ,CA
dim_geography,332,333,stateprovincecode,CA ,CA
dim_geography,333,334,stateprovincecode,CA ,CA
dim_geography,334,335,stateprovincecode,CA ,CA
dim_geography,335,336,stateprovincecode,CA ,CA
dim_geography,336,337,stateprovincecode,CA ,CA
dim_geography,337,338,stateprovincecode,CA ,CA
dim_geography,338,339,stateprovincecode,CA ,CA
dim_geography,339,340,stateprovincecode,CA ,CA
dim_geography,340,341,stateprovincecode,CA ,CA
dim_geography,341,342,stateprovincecode,CA ,CA
dim_geography,342,343,stateprovincecode,CA ,CA
dim_geography,343,344,stateprovincecode,CA ,CA
dim_geography,344,345,stateprovincecode,CA ,CA
dim_geography,345,346,stateprovincecode,CA ,CA
dim_geography,346,347,stateprovincecode,CA ,CA
dim_geography,347,348,stateprovincecode,CA ,CA
dim_geography,348,349,stateprovincecode,CA ,CA
dim_geography,349,350,stateprovincecode,CA ,CA
dim_geography,350,351,stateprovincecode,CA ,CA
dim_geography,351,352,stateprovincecode,CA ,CA
dim_geography,352,353,stateprovincecode,CA ,CA
dim_geography,353,354,stateprovincecode,CA ,CA
dim_geography,354,355,stateprovincecode,CA ,CA
dim_geography,355,356,stateprovincecode,CA ,CA
dim_geography,356,357,stateprovincecode,CA ,CA
dim_geography,357,358,stateprovincecode,CA ,CA
dim_geography,358,359,stateprovincecode,CA ,CA
dim_geography,359,360,stateprovincecode,CA ,CA
dim_geography,360,361,stateprovincecode,CA ,CA
dim_geography,361,362,stateprovincecode,CA ,CA
dim_geography,362,363,stateprovincecode,CA ,CA
dim_geography,363,364,stateprovincecode,CA ,CA
dim_geography,364,365,stateprovincecode,CA ,CA
dim_geography,365,366,stateprovincecode,CA ,CA
dim_geography,366,367,stateprovincecode,CA ,CA
dim_geography,367,368,stateprovincecode,CA ,CA
dim_geography,368,369,stateprovincecode,CA ,CA
dim_geography,369,370,stateprovincecode,CA ,CA
dim_geography,370,371,stateprovincecode,CA ,CA
dim_geography,371,372,stateprovincecode,CA ,CA
dim_geography,372,373,stateprovincecode,CA ,CA
dim_geography,373,374,stateprovincecode,CA ,CA
dim_geography,374,375,stateprovincecode,CA ,CA
dim_geography,375,376,stateprovincecode,CA ,CA
dim_geography,376,377,stateprovincecode,CA ,CA
dim_geography,377,378,stateprovincecode,CA ,CA
dim_geography,378,379,stateprovincecode,CA ,CA
dim_geography,379,380,stateprovincecode,CA ,CA
dim_geography,380,381,stateprovincecode,CA ,CA
dim_geography,381,382,stateprovincecode,CA ,CA
dim_geography,382,383,stateprovincecode,CA ,CA
dim_geography,383,384,stateprovincecode,CA ,CA
dim_geography,384,385,stateprovincecode,CA ,CA
dim_geography,385,386,stateprovincecode,CO ,CO
dim_geography,386,387,stateprovincecode,CO ,CO
dim_geography,387,388,stateprovincecode,CO ,CO
dim_geography,388,389,stateprovincecode,CO ,CO
dim_geography,389,390,stateprovincecode,CO ,CO
dim_geography,390,391,stateprovincecode,CO ,CO
dim_geography,391,392,stateprovincecode,CO ,CO
dim_geography,392,393,stateprovincecode,CT ,CT
dim_geography,393,394,stateprovincecode,CT ,CT
dim_geography,394,395,stateprovincecode,CT ,CT
dim_geography,395,396,stateprovincecode,CT ,CT
dim_geography,396,397,stateprovincecode,CT ,CT
dim_geography,397,398,stateprovincecode,CT ,CT
dim_geography,398,399,stateprovincecode,CT ,CT
dim_geography,399,400,stateprovincecode,CT ,CT
dim_geography,400,401,stateprovincecode,FL ,FL
dim_geography,401,402,stateprovincecode,FL ,FL
dim_geography,402,403,stateprovincecode,FL ,FL
dim_geography,403,404,stateprovincecode,FL ,FL
dim_geography,404,405,stateprovincecode,FL ,FL
dim_geography,405,406,stateprovincecode,FL ,FL
dim_geography,406,407,stateprovincecode,FL ,FL
dim_geography,407,408,stateprovincecode,FL ,FL
dim_geography,408,409,stateprovincecode,FL ,FL
dim_geography,409,410,stateprovincecode,FL ,FL
dim_geography,410,411,stateprovincecode,FL ,FL
dim_geography,411,412,stateprovincecode,FL ,FL
dim_geography,412,413,stateprovincecode,FL ,FL
dim_geography,413,414,stateprovincecode,FL ,FL
dim_geography,414,415,stateprovincecode,FL ,FL
dim_geography,415,416,stateprovincecode,GA ,GA
dim_geography,416,417,stateprovincecode,GA ,GA
dim_geography,417,418,stateprovincecode,GA ,GA
dim_geography,418,419,stateprovincecode,GA ,GA
dim_geography,419,420,stateprovincecode,GA ,GA
dim_geography,420,421,stateprovincecode,GA ,GA
dim_geography,421,422,stateprovincecode,GA ,GA
dim_geography,422,423,stateprovincecode,GA ,GA
dim_geography,423,424,stateprovincecode,GA ,GA
dim_geography,424,425,stateprovincecode,GA ,GA
dim_geography,425,426,stateprovincecode,GA ,GA
dim_geography,426,427,stateprovincecode,GA ,GA
dim_geography,427,428,stateprovincecode,ID ,ID
dim_geography,428,429,stateprovincecode,ID ,ID
dim_geography,429,430,stateprovincecode,ID ,ID
dim_geography,430,431,stateprovincecode,IL ,IL
dim_geography,431,432,stateprovincecode,IL ,IL
dim_geography,432,433,stateprovincecode,IL ,IL
dim_geography,433,434,stateprovincecode,IL ,IL
dim_geography,434,435,stateprovincecode,IL ,IL
dim_geography,435,436,stateprovincecode,IL ,IL
dim_geography,436,437,stateprovincecode,IL ,IL
dim_geography,437,438,stateprovincecode,IL ,IL
dim_geography,438,439,stateprovincecode,IL ,IL
dim_geography,439,440,stateprovincecode,IL ,IL
dim_geography,440,441,stateprovincecode,IN ,IN
dim_geography,441,442,stateprovincecode,IN ,IN
dim_geography,442,443,stateprovincecode,IN ,IN
dim_geography,443,444,stateprovincecode,IN ,IN
dim_geography,444,445,stateprovincecode,IN ,IN
dim_geography,445,446,stateprovincecode,IN ,IN
dim_geography,446,447,stateprovincecode,IN ,IN
dim_geography,447,448,stateprovincecode,KY ,KY
dim_geography,448,449,stateprovincecode,KY ,KY
dim_geography,449,450,stateprovincecode,KY ,KY
dim_geography,450,451,stateprovincecode,KY ,KY
dim_geography,451,452,stateprovincecode,KY ,KY
dim_geography,452,453,stateprovincecode,MA ,MA
dim_geography,453,454,stateprovincecode,MA ,MA
dim_geography,454,455,stateprovincecode,MA ,MA
dim_geography,455,456,stateprovincecode,MA ,MA
dim_geography,456,457,stateprovincecode,MA ,MA
dim_geography,457,458,stateprovincecode,MD ,MD
dim_geography,458,459,stateprovincecode,ME ,ME
dim_geography,459,460,stateprovincecode,MI ,MI
dim_geography,460,461,stateprovincecode,MI ,MI
dim_geography,461,462,stateprovincecode,MI ,MI
dim_geography,462,463,stateprovincecode,MI ,MI
dim_geography,463,464,stateprovincecode,MI ,MI
dim_geography,464,465,stateprovincecode,MI ,MI
dim_geography,465,466,stateprovincecode,MI ,MI
dim_geography,466,467,stateprovincecode,MI ,MI
dim_geography,467,468,stateprovincecode,MI ,MI
dim_geography,468,469,stateprovincecode,MI ,MI
dim_geography,469,470,stateprovincecode,MI ,MI
dim_geography,470,471,stateprovincecode,MI ,MI
dim_geography,471,472,stateprovincecode,MI ,MI
dim_geography,472,473,stateprovincecode,MI ,MI
dim_geography,473,474,stateprovincecode,MI ,MI
dim_geography,474,475,stateprovincecode,MN ,MN
dim_geography,475,476,stateprovincecode,MN ,MN
dim_geography,476,477,stateprovincecode,MN ,MN
dim_geography,477,478,stateprovincecode,MN ,MN
dim_geography,478,479,stateprovincecode,MN ,MN
dim_geography,479,480,stateprovincecode,MN ,MN
dim_geography,480,481,stateprovincecode,MO ,MO
dim_geography,481,482,stateprovincecode,MO ,MO
dim_geography,482,483,stateprovincecode,MO ,MO
dim_geography,483,484,stateprovincecode,MO ,MO
dim_geography,484,485,stateprovincecode,MO ,MO
dim_geography,485,486,stateprovincecode,MO ,MO
dim_geography,486,487,stateprovincecode,MO ,MO
dim_geography,487,488,stateprovincecode,MS ,MS
dim_geography,488,489,stateprovincecode,MS ,MS
dim_geography,489,490,stateprovincecode,MS ,MS
dim_geography,490,491,stateprovincecode,MT ,MT
dim_geography,491,492,stateprovincecode,MT ,MT
dim_geography,492,493,stateprovincecode,MT ,MT
dim_geography,493,494,stateprovincecode,NC ,NC
dim_geography,494,495,stateprovincecode,NC ,NC
dim_geography,495,496,stateprovincecode,NC ,NC
dim_geography,496,497,stateprovincecode,NC ,NC
dim_geography,497,498,stateprovincecode,NC ,NC
dim_geography,498,499,stateprovincecode,NC ,NC
dim_geography,499,500,stateprovincecode,NC ,NC
dim_geography,500,501,stateprovincecode,NH ,NH
dim_geography,501,502,stateprovincecode,NH ,NH
dim_geography,502,503,stateprovincecode,NH ,NH
dim_geography,503,504,stateprovincecode,NH ,NH
dim_geography,504,505,stateprovincecode,NM ,NM
dim_geography,505,506,stateprovincecode,NM ,NM
dim_geography,506,507,stateprovincecode,NM ,NM
dim_geography,507,508,stateprovincecode,NV ,NV
dim_geography,508,509,stateprovincecode,NV ,NV
dim_geography,509,510,stateprovincecode,NV ,NV
dim_geography,510,511,stateprovincecode,NV ,NV
dim_geography,511,512,stateprovincecode,NV ,NV
dim_geography,512,513,stateprovincecode,NY ,NY
dim_geography,513,514,stateprovincecode,NY ,NY
dim_geography,514,515,stateprovincecode,NY ,NY
dim_geography,515,516,stateprovincecode,NY ,NY
dim_geography,516,517,stateprovincecode,NY ,NY
dim_geography,517,518,stateprovincecode,NY ,NY
dim_geography,518,519,stateprovincecode,NY ,NY
dim_geography,519,520,stateprovincecode,NY ,NY
dim_geography,520,521,stateprovincecode,NY ,NY
dim_geography,521,522,stateprovincecode,NY ,NY
dim_geography,522,523,stateprovincecode,NY ,NY
dim_geography,523,524,stateprovincecode,OH ,OH
dim_geography,524,525,stateprovincecode,OH ,OH
dim_geography,525,526,stateprovincecode,OH ,OH
dim_geography,526,527,stateprovincecode,OH ,OH
dim_geography,527,528,stateprovincecode,OH ,OH
dim_geography,528,529,stateprovincecode,OH ,OH
dim_geography,529,530,stateprovincecode,OH ,OH
dim_geography,530,531,stateprovincecode,OH ,OH
dim_geography,531,532,stateprovincecode,OH ,OH
dim_geography,532,533,stateprovincecode,OH ,OH
dim_geography,533,534,stateprovincecode,OH ,OH
dim_geography,534,535,stateprovincecode,OR ,OR
dim_geography,535,536,stateprovincecode,OR ,OR
dim_geography,536,537,stateprovincecode,OR ,OR
dim_geography,537,538,stateprovincecode,OR ,OR
dim_geography,538,539,stateprovincecode,OR ,OR
dim_geography,539,540,stateprovincecode,OR ,OR
dim_geography,540,541,stateprovincecode,OR ,OR
dim_geography,541,542,stateprovincecode,OR ,OR
dim_geography,542,543,stateprovincecode,OR ,OR
dim_geography,543,544,stateprovincecode,OR ,OR
dim_geography,544,545,stateprovincecode,OR ,OR
dim_geography,545,546,stateprovincecode,OR ,OR
dim_geography,546,547,stateprovincecode,OR ,OR
dim_geography,547,548,stateprovincecode,OR ,OR
dim_geography,548,549,stateprovincecode,OR ,OR
dim_geography,549,550,stateprovincecode,OR ,OR
dim_geography,550,551,stateprovincecode,OR ,OR
dim_geography,551,552,stateprovincecode,OR ,OR
dim_geography,552,553,stateprovincecode,OR ,OR
dim_geography,553,554,stateprovincecode,RI ,RI
dim_geography,554,555,stateprovincecode,RI ,RI
dim_geography,555,556,stateprovincecode,RI ,RI
dim_geography,556,557,stateprovincecode,SC ,SC
dim_geography,557,558,stateprovincecode,SC ,SC
dim_geography,558,559,stateprovincecode,SC ,SC
dim_geography,559,560,stateprovincecode,SD ,SD
dim_geography,560,561,stateprovincecode,SD ,SD
dim_geography,561,562,stateprovincecode,TN ,TN
dim_geography,562,563,stateprovincecode,TN ,TN
dim_geography,563,564,stateprovincecode,TN ,TN
dim_geography,564,565,stateprovincecode,TN ,TN
dim_geography,565,566,stateprovincecode,TN ,TN
dim_geography,566,567,stateprovincecode,TN ,TN
dim_geography,567,568,stateprovincecode,TN ,TN
dim_geography,568,569,stateprovincecode,TN ,TN
dim_geography,569,570,stateprovincecode,TN ,TN
dim_geography,570,571,stateprovincecode,TX ,TX
dim_geography,571,572,stateprovincecode,TX ,TX
dim_geography,572,573,stateprovincecode,TX ,TX
dim_geography,573,574,stateprovincecode,TX ,TX
dim_geography,574,575,stateprovincecode,TX ,TX
dim_geography,575,576,stateprovincecode,TX ,TX
dim_geography,576,577,stateprovincecode,TX ,TX
dim_geography,577,578,stateprovincecode,TX ,TX
dim_geography,578,579,stateprovincecode,TX ,TX
dim_geography,579,580,stateprovincecode,TX ,TX
dim_geography,580,581,stateprovincecode,TX ,TX
dim_geography,581,582,stateprovincecode,TX ,TX
dim_geography,582,583,stateprovincecode,TX ,TX
dim_geography,583,584,stateprovincecode,TX ,TX
dim_geography,584,585,stateprovincecode,TX ,TX
dim_geography,585,586,stateprovincecode,TX ,TX
dim_geography,586,587,stateprovincecode,TX ,TX
dim_geography,587,588,stateprovincecode,TX ,TX
dim_geography,588,589,stateprovincecode,TX ,TX
dim_geography,589,590,stateprovincecode,TX ,TX
dim_geography,590,591,stateprovincecode,TX ,TX
dim_geography,591,592,stateprovincecode,TX ,TX
dim_geography,592,593,stateprovincecode,TX ,TX
dim_geography,593,594,stateprovincecode,UT ,UT
dim_geography,594,595,stateprovincecode,UT ,UT
dim_geography,595,596,stateprovincecode,UT ,UT
dim_geography,596,597,stateprovincecode,UT ,UT
dim_geography,597,598,stateprovincecode,UT ,UT
dim_geography,598,599,stateprovincecode,UT ,UT
dim_geography,599,600,stateprovincecode,UT ,UT
dim_geography,600,601,stateprovincecode,UT ,UT
dim_geography,601,602,stateprovincecode,VA ,VA
dim_geography,602,603,stateprovincecode,VA ,VA
dim_geography,603,604,stateprovincecode,VA ,VA
dim_geography,604,605,stateprovincecode,VA ,VA
dim_geography,605,606,stateprovincecode,VA ,VA
dim_geography,606,607,stateprovincecode,WA ,WA
dim_geography,607,608,stateprovincecode,WA ,WA
dim_geography,608,609,stateprovincecode,WA ,WA
dim_geography,609,610,stateprovincecode,WA ,WA
dim_geography,610,611,stateprovincecode,WA ,WA
dim_geography,611,612,stateprovincecode,WA ,WA
dim_geography,612,613,stateprovincecode,WA ,WA
dim_geography,613,614,stateprovincecode,WA ,WA
dim_geography,614,615,stateprovincecode,WA ,WA
dim_geography,615,616,stateprovincecode,WA ,WA
dim_geography,616,617,stateprovincecode,WA ,WA
dim_geography,617,618,stateprovincecode,WA ,WA
dim_geography,618,619,stateprovincecode,WA ,WA
dim_geography,619,620,stateprovincecode,WA ,WA
dim_geography,620,621,stateprovincecode,WA ,WA
dim_geography,621,622,stateprovincecode,WA ,WA
dim_geography,622,623,stateprovincecode,WA ,WA
dim_geography,623,624,stateprovincecode,WA ,WA
dim_geography,624,625,stateprovincecode,WA ,WA
dim_geography,625,626,stateprovincecode,WA ,WA
dim_geography,626,627,stateprovincecode,WA ,WA
dim_geography,627,628,stateprovincecode,WA ,WA
dim_geography,628,629,stateprovincecode,WA ,WA
dim_geography,629,630,stateprovincecode,WA ,WA
dim_geography,630,631,stateprovincecode,WA ,WA
dim_geography,631,632,stateprovincecode,WA ,WA
dim_geography,632,633,stateprovincecode,WA ,WA
dim_geography,633,634,stateprovincecode,WA ,WA
dim_geography,634,635,stateprovincecode,WA ,WA
dim_geography,635,636,stateprovincecode,WA ,WA
dim_geography,636,637,stateprovincecode,WA ,WA
dim_geography,637,638,stateprovincecode,WA ,WA
dim_geography,638,639,stateprovincecode,WA ,WA
dim_geography,639,640,stateprovincecode,WA ,WA
dim_geography,640,641,stateprovincecode,WA ,WA
dim_geography,641,642,stateprovincecode,WA ,WA
dim_geography,642,643,stateprovincecode,WA ,WA
dim_geography,643,644,stateprovincecode,WA ,WA
dim_geography,644,645,stateprovincecode,WA ,WA
dim_geography,645,646,stateprovincecode,WA ,WA
dim_geography,646,647,stateprovincecode,WA ,WA
dim_geography,647,648,stateprovincecode,WA ,WA
dim_geography,648,649,stateprovincecode,WI ,WI
dim_geography,649,650,stateprovincecode,WI ,WI
dim_geography,650,651,stateprovincecode,WI ,WI
dim_geography,651,652,stateprovincecode,WI ,WI
dim_geography,652,653,stateprovincecode,WY ,WY
dim_geography,653,654,stateprovincecode,WY ,WY
dim_geography,654,655,stateprovincecode,WY ,WY
